<?xml version="1.0" encoding="UTF-8"?>

<mule xmlns:ee="http://www.mulesoft.org/schema/mule/ee/core" xmlns:http="http://www.mulesoft.org/schema/mule/http"
	xmlns="http://www.mulesoft.org/schema/mule/core"
	xmlns:doc="http://www.mulesoft.org/schema/mule/documentation" xmlns:xsi="http://www.w3.org/2001/XMLSchema-instance" xsi:schemaLocation="http://www.mulesoft.org/schema/mule/core http://www.mulesoft.org/schema/mule/core/current/mule.xsd
http://www.mulesoft.org/schema/mule/http http://www.mulesoft.org/schema/mule/http/current/mule-http.xsd
http://www.mulesoft.org/schema/mule/ee/core http://www.mulesoft.org/schema/mule/ee/core/current/mule-ee.xsd">
	<http:listener-config name="HTTP_Listener_config" doc:name="HTTP Listener config" doc:id="c2d1322d-4ab0-4d18-ac43-45c7863b0a21">
		<http:listener-connection host="0.0.0.0" port="8081" />
	</http:listener-config>
	<flow name="hello-world-4Flow" doc:id="feaa40ee-65d6-471d-bf22-f801a071b9f6" >
		<http:listener doc:name="Listener" doc:id="478af488-713d-407f-855e-885c9b85fe8d" config-ref="HTTP_Listener_config" path="/hello"/>
		<ee:transform doc:name="Transform Message" doc:id="fa6d6ba2-1025-4680-911c-10f429dc7011" >
			<ee:message >
				<ee:set-payload ><![CDATA[%dw 2.0
output application/json
---
{
	"greeting": "Hello World!"
}
]]></ee:set-payload>
			</ee:message>
		</ee:transform>
		<logger level="INFO" doc:name="Logger" doc:id="6b6ce7d8-b956-4bc6-a097-57ee3b063dba" message="#[payload]"/>
	</flow>
</mule>
